time_ms,mode,head,roll,pitch,lvol,rvol,bus_v,current_ma,audio_rail,fault
1117,ACTIVE,CENTER,,,,,0.000,,ON,0x00
1319,ACTIVE,CENTER,,,,,4.964,,ON,0x00
1548,ACTIVE,CENTER,,,,,4.964,,ON,0x00
1777,ACTIVE,CENTER,,,,,4.964,,ON,0x00
2006,ACTIVE,CENTER,,,,,4.964,,ON,0x00
2235,ACTIVE,CENTER,,,,,4.964,,ON,0x00
2464,ACTIVE,CENTER,,,,,4.964,,ON,0x00
2694,ACTIVE,CENTER,,,,,4.964,,ON,0x00
2923,ACTIVE,CENTER,,,,,4.964,,ON,0x00
3152,ACTIVE,CENTER,,,,,4.964,,ON,0x00
3381,ACTIVE,CENTER,,,,,4.964,,ON,0x00
3610,ACTIVE,CENTER,,,,,4.964,,ON,0x00
3823,ACTIVE,CENTER,,,,,4.960,,ON,0x00
4052,ACTIVE,CENTER,,,,,4.964,,ON,0x00
4281,ACTIVE,CENTER,,,,,4.964,,ON,0x00
4511,ACTIVE,CENTER,,,,,4.964,,ON,0x00
4740,ACTIVE,CENTER,,,,,4.968,,ON,0x00
4969,ACTIVE,CENTER,,,,,4.964,,ON,0x00
5198,ACTIVE,CENTER,,,,,4.964,,ON,0x00
5427,ACTIVE,CENTER,,,,,4.964,,ON,0x00
5656,ACTIVE,CENTER,,,,,4.964,,ON,0x00
5885,ACTIVE,CENTER,,,,,4.964,,ON,0x00
6114,ACTIVE,CENTER,,,,,4.964,,ON,0x00
6343,ACTIVE,CENTER,,,,,4.968,,ON,0x00
6572,ACTIVE,CENTER,,,,,4.964,,ON,0x00
6788,ACTIVE,CENTER,,,,,4.960,,ON,0x00
7017,ACTIVE,CENTER,,,,,4.960,,ON,0x00
7246,ACTIVE,CENTER,,,,,4.960,,ON,0x00
7476,ACTIVE,CENTER,,,,,4.964,,ON,0x00
7705,ACTIVE,CENTER,,,,,4.964,,ON,0x00
7934,ACTIVE,CENTER,,,,,4.964,,ON,0x00
8163,ACTIVE,CENTER,,,,,4.964,,ON,0x00
8392,ACTIVE,CENTER,,,,,4.960,,ON,0x00
8621,ACTIVE,CENTER,,,,,4.964,,ON,0x00
8850,ACTIVE,CENTER,,,,,4.960,,ON,0x00
9079,ACTIVE,CENTER,,,,,4.964,,ON,0x00
9308,ACTIVE,CENTER,,,,,4.964,,ON,0x00
9537,ACTIVE,CENTER,,,,,4.964,,ON,0x00
9751,ACTIVE,CENTER,,,,,4.964,,ON,0x00
9980,ACTIVE,CENTER,,,,,4.968,,ON,0x00
10209,ACTIVE,CENTER,,,,,4.964,,ON,0x00
10438,ACTIVE,CENTER,,,,,4.964,,ON,0x00
10667,ACTIVE,CENTER,,,,,4.964,,ON,0x00
10896,ACTIVE,CENTER,,,,,4.964,,ON,0x00
11125,ACTIVE,CENTER,,,,,4.964,,ON,0x00
11354,ACTIVE,CENTER,,,,,4.964,,ON,0x00
11583,ACTIVE,CENTER,,,,,4.964,,ON,0x00
11813,ACTIVE,CENTER,,,,,4.964,,ON,0x00
12042,ACTIVE,CENTER,,,,,4.964,,ON,0x00
12271,ACTIVE,CENTER,,,,,4.964,,ON,0x00
12500,ACTIVE,CENTER,,,,,4.964,,ON,0x00
12716,ACTIVE,CENTER,,,,,4.964,,ON,0x00
12945,ACTIVE,CENTER,,,,,4.964,,ON,0x00
13174,ACTIVE,CENTER,,,,,4.964,,ON,0x00
13403,ACTIVE,CENTER,,,,,4.964,,ON,0x00
13632,ACTIVE,CENTER,,,,,4.964,,ON,0x00
13861,ACTIVE,CENTER,,,,,4.964,,ON,0x00
14090,ACTIVE,CENTER,,,,,4.964,,ON,0x00
14319,ACTIVE,CENTER,,,,,4.964,,ON,0x00
14548,ACTIVE,CENTER,,,,,4.964,,ON,0x00
14777,ACTIVE,CENTER,,,,,4.964,,ON,0x00
15006,ACTIVE,CENTER,,,,,4.960,,ON,0x00
15236,ACTIVE,CENTER,,,,,4.964,,ON,0x00
15465,ACTIVE,CENTER,,,,,4.964,,ON,0x00
15678,ACTIVE,CENTER,,,,,4.964,,ON,0x00
15907,ACTIVE,CENTER,,,,,4.964,,ON,0x00
16136,ACTIVE,CENTER,,,,,4.968,,ON,0x00
16365,ACTIVE,CENTER,,,,,4.964,,ON,0x00
16594,ACTIVE,CENTER,,,,,4.964,,ON,0x00
16823,ACTIVE,CENTER,,,,,4.964,,ON,0x00
17053,ACTIVE,CENTER,,,,,4.964,,ON,0x00
17282,ACTIVE,CENTER,,,,,4.968,,ON,0x00
17511,ACTIVE,CENTER,,,,,4.964,,ON,0x00
17740,ACTIVE,CENTER,,,,,4.964,,ON,0x00
17969,ACTIVE,CENTER,,,,,4.964,,ON,0x00
18198,ACTIVE,CENTER,,,,,4.964,,ON,0x00
18414,ACTIVE,CENTER,,,,,4.964,,ON,0x00
882,ACTIVE,CENTER,,,,,0.000,,ON,0x00
1109,ACTIVE,CENTER,,,,,4.964,,ON,0x00
1338,ACTIVE,CENTER,,,,,4.964,,ON,0x00
1567,ACTIVE,CENTER,,,,,4.964,,ON,0x00
1796,ACTIVE,CENTER,,,,,4.964,,ON,0x00
2025,ACTIVE,CENTER,,,,,4.964,,ON,0x00
2254,ACTIVE,CENTER,,,,,4.964,,ON,0x00
2484,ACTIVE,CENTER,,,,,4.964,,ON,0x00
2713,ACTIVE,CENTER,,,,,4.964,,ON,0x00
2942,ACTIVE,CENTER,,,,,4.964,,ON,0x00
3171,ACTIVE,CENTER,,,,,4.964,,ON,0x00
3400,ACTIVE,CENTER,,,,,4.964,,ON,0x00
3629,ACTIVE,CENTER,,,,,4.964,,ON,0x00
3845,ACTIVE,CENTER,,,,,4.960,,ON,0x00
4074,ACTIVE,CENTER,,,,,4.964,,ON,0x00
4303,ACTIVE,CENTER,,,,,4.964,,ON,0x00
4532,ACTIVE,CENTER,,,,,4.964,,ON,0x00
4761,ACTIVE,CENTER,,,,,4.964,,ON,0x00
4990,ACTIVE,CENTER,,,,,4.964,,ON,0x00
5219,ACTIVE,CENTER,,,,,4.964,,ON,0x00
5449,ACTIVE,CENTER,,,,,4.964,,ON,0x00
5678,ACTIVE,CENTER,,,,,4.964,,ON,0x00
5907,ACTIVE,CENTER,,,,,4.964,,ON,0x00
6136,ACTIVE,CENTER,,,,,4.964,,ON,0x00
6365,ACTIVE,CENTER,,,,,4.964,,ON,0x00
6594,ACTIVE,CENTER,,,,,4.964,,ON,0x00
6807,ACTIVE,CENTER,,,,,4.960,,ON,0x00
7037,ACTIVE,CENTER,,,,,4.964,,ON,0x00
7266,ACTIVE,CENTER,,,,,4.964,,ON,0x00
7495,ACTIVE,CENTER,,,,,4.964,,ON,0x00
7725,ACTIVE,CENTER,,,,,4.960,,ON,0x00
7954,ACTIVE,CENTER,,,,,4.964,,ON,0x00
8183,ACTIVE,CENTER,,,,,4.964,,ON,0x00
8413,ACTIVE,CENTER,,,,,4.964,,ON,0x00
8642,ACTIVE,CENTER,,,,,4.964,,ON,0x00
8871,ACTIVE,CENTER,,,,,4.964,,ON,0x00
9101,ACTIVE,CENTER,,,,,4.964,,ON,0x00
9330,ACTIVE,CENTER,,,,,4.964,,ON,0x00
9559,ACTIVE,CENTER,,,,,4.964,,ON,0x00
9775,ACTIVE,CENTER,,,,,4.964,,ON,0x00
10004,ACTIVE,CENTER,,,,,4.960,,ON,0x00
10233,ACTIVE,CENTER,,,,,4.964,,ON,0x00
10462,ACTIVE,CENTER,,,,,4.964,,ON,0x00
10692,ACTIVE,CENTER,,,,,4.964,,ON,0x00
10921,ACTIVE,CENTER,,,,,4.960,,ON,0x00
11150,ACTIVE,CENTER,,,,,4.964,,ON,0x00
11379,ACTIVE,CENTER,,,,,4.960,,ON,0x00
11608,ACTIVE,CENTER,,,,,4.964,,ON,0x00
11837,ACTIVE,CENTER,,,,,4.964,,ON,0x00
12066,ACTIVE,CENTER,,,,,4.964,,ON,0x00
12295,ACTIVE,CENTER,,,,,4.964,,ON,0x00
12524,ACTIVE,CENTER,,,,,4.964,,ON,0x00
12738,ACTIVE,CENTER,,,,,4.964,,ON,0x00
12967,ACTIVE,CENTER,,,,,4.964,,ON,0x00
13196,ACTIVE,CENTER,,,,,4.968,,ON,0x00
13425,ACTIVE,CENTER,,,,,4.964,,ON,0x00
13654,ACTIVE,CENTER,,,,,4.964,,ON,0x00
13883,ACTIVE,CENTER,,,,,4.968,,ON,0x00
14112,ACTIVE,CENTER,,,,,4.964,,ON,0x00
14341,ACTIVE,CENTER,,,,,4.964,,ON,0x00
14570,ACTIVE,CENTER,,,,,4.964,,ON,0x00
14800,ACTIVE,CENTER,,,,,4.964,,ON,0x00
15029,ACTIVE,CENTER,,,,,4.964,,ON,0x00
15258,ACTIVE,CENTER,,,,,4.964,,ON,0x00
15474,ACTIVE,CENTER,,,,,4.964,,ON,0x00
15703,ACTIVE,CENTER,,,,,4.964,,ON,0x00
15932,ACTIVE,CENTER,,,,,4.964,,ON,0x00
16161,ACTIVE,CENTER,,,,,4.964,,ON,0x00
16390,ACTIVE,CENTER,,,,,4.960,,ON,0x00
16619,ACTIVE,CENTER,,,,,4.964,,ON,0x00
16848,ACTIVE,CENTER,,,,,4.964,,ON,0x00
17077,ACTIVE,CENTER,,,,,4.964,,ON,0x00
17306,ACTIVE,CENTER,,,,,4.964,,ON,0x00
17535,ACTIVE,CENTER,,,,,4.964,,ON,0x00
17765,ACTIVE,CENTER,,,,,4.964,,ON,0x00
17994,ACTIVE,CENTER,,,,,4.964,,ON,0x00
18223,ACTIVE,CENTER,,,,,4.964,,ON,0x00
18436,ACTIVE,CENTER,,,,,4.960,,ON,0x00
18665,ACTIVE,CENTER,,,,,4.964,,ON,0x00
18894,ACTIVE,CENTER,,,,,4.964,,ON,0x00
19123,ACTIVE,CENTER,,,,,4.964,,ON,0x00
19352,ACTIVE,CENTER,,,,,4.964,,ON,0x00
19582,ACTIVE,CENTER,,,,,4.964,,ON,0x00
19811,ACTIVE,CENTER,,,,,4.968,,ON,0x00
20040,ACTIVE,CENTER,,,,,4.968,,ON,0x00
20269,ACTIVE,CENTER,,,,,4.968,,ON,0x00
20498,ACTIVE,CENTER,,,,,4.964,,ON,0x00
20727,ACTIVE,CENTER,,,,,4.964,,ON,0x00
20956,ACTIVE,CENTER,,,,,4.964,,ON,0x00
21185,ACTIVE,CENTER,,,,,4.964,,ON,0x00
21401,ACTIVE,CENTER,,,,,4.964,,ON,0x00
21630,ACTIVE,CENTER,,,,,4.964,,ON,0x00
21859,ACTIVE,CENTER,,,,,4.964,,ON,0x00
22088,ACTIVE,CENTER,,,,,4.964,,ON,0x00
22317,ACTIVE,CENTER,,,,,4.964,,ON,0x00
22547,ACTIVE,CENTER,,,,,4.964,,ON,0x00
22776,ACTIVE,CENTER,,,,,4.964,,ON,0x00
23005,ACTIVE,CENTER,,,,,4.964,,ON,0x00
23234,ACTIVE,CENTER,,,,,4.964,,ON,0x00
23463,ACTIVE,CENTER,,,,,4.964,,ON,0x00
23692,ACTIVE,CENTER,,,,,4.964,,ON,0x00
23921,ACTIVE,CENTER,,,,,4.964,,ON,0x00
24150,ACTIVE,CENTER,,,,,4.964,,ON,0x00
24364,ACTIVE,CENTER,,,,,4.964,,ON,0x00
24593,ACTIVE,CENTER,,,,,4.964,,ON,0x00
24822,ACTIVE,CENTER,,,,,4.964,,ON,0x00
25051,ACTIVE,CENTER,,,,,4.964,,ON,0x00
25280,ACTIVE,CENTER,,,,,4.964,,ON,0x00
25509,ACTIVE,CENTER,,,,,4.964,,ON,0x00
25738,ACTIVE,CENTER,,,,,4.964,,ON,0x00
25967,ACTIVE,CENTER,,,,,4.964,,ON,0x00
26196,ACTIVE,CENTER,,,,,4.964,,ON,0x00
26425,ACTIVE,CENTER,,,,,4.964,,ON,0x00
26655,ACTIVE,CENTER,,,,,4.964,,ON,0x00
26884,ACTIVE,CENTER,,,,,4.964,,ON,0x00
27113,ACTIVE,CENTER,,,,,4.964,,ON,0x00
27328,ACTIVE,CENTER,,,,,4.964,,ON,0x00
27558,ACTIVE,CENTER,,,,,4.964,,ON,0x00
27787,ACTIVE,CENTER,,,,,4.964,,ON,0x00
28016,ACTIVE,CENTER,,,,,4.964,,ON,0x00
28245,ACTIVE,CENTER,,,,,4.964,,ON,0x00
28474,ACTIVE,CENTER,,,,,4.964,,ON,0x00
28703,ACTIVE,CENTER,,,,,4.964,,ON,0x00
28932,ACTIVE,CENTER,,,,,4.964,,ON,0x00
29161,ACTIVE,CENTER,,,,,4.964,,ON,0x00
29390,ACTIVE,CENTER,,,,,4.964,,ON,0x00
29620,ACTIVE,CENTER,,,,,4.964,,ON,0x00
29849,ACTIVE,CENTER,,,,,4.964,,ON,0x00
30062,ACTIVE,CENTER,,,,,4.964,,ON,0x00
30291,ACTIVE,CENTER,,,,,4.964,,ON,0x00
30520,ACTIVE,CENTER,,,,,4.964,,ON,0x00
30749,ACTIVE,CENTER,,,,,4.964,,ON,0x00
30978,ACTIVE,CENTER,,,,,4.964,,ON,0x00
31207,ACTIVE,CENTER,,,,,4.968,,ON,0x00
31437,ACTIVE,CENTER,,,,,4.964,,ON,0x00
31666,ACTIVE,CENTER,,,,,4.964,,ON,0x00
31895,ACTIVE,CENTER,,,,,4.964,,ON,0x00
32124,ACTIVE,CENTER,,,,,4.960,,ON,0x00
32353,ACTIVE,CENTER,,,,,4.964,,ON,0x00
32582,ACTIVE,CENTER,,,,,4.964,,ON,0x00
32811,ACTIVE,CENTER,,,,,4.964,,ON,0x00
33027,ACTIVE,CENTER,,,,,4.964,,ON,0x00
33256,ACTIVE,CENTER,,,,,4.964,,ON,0x00
33485,ACTIVE,CENTER,,,,,4.964,,ON,0x00
33714,ACTIVE,CENTER,,,,,4.964,,ON,0x00
33943,ACTIVE,CENTER,,,,,4.964,,ON,0x00
34172,ACTIVE,CENTER,,,,,4.964,,ON,0x00
34402,ACTIVE,CENTER,,,,,4.960,,ON,0x00
34631,ACTIVE,CENTER,,,,,4.964,,ON,0x00
34860,ACTIVE,CENTER,,,,,4.964,,ON,0x00
35089,ACTIVE,CENTER,,,,,4.964,,ON,0x00
35318,ACTIVE,CENTER,,,,,4.964,,ON,0x00
35547,ACTIVE,CENTER,,,,,4.964,,ON,0x00
35776,ACTIVE,CENTER,,,,,4.964,,ON,0x00
35989,ACTIVE,CENTER,,,,,4.964,,ON,0x00
36219,ACTIVE,CENTER,,,,,4.968,,ON,0x00
36448,ACTIVE,CENTER,,,,,4.964,,ON,0x00
36677,ACTIVE,CENTER,,,,,4.968,,ON,0x00
36906,ACTIVE,CENTER,,,,,4.964,,ON,0x00
37135,ACTIVE,CENTER,,,,,4.968,,ON,0x00
37364,ACTIVE,CENTER,,,,,4.964,,ON,0x00
37593,ACTIVE,CENTER,,,,,4.964,,ON,0x00
37822,ACTIVE,CENTER,,,,,4.964,,ON,0x00
38051,ACTIVE,CENTER,,,,,4.964,,ON,0x00
38280,ACTIVE,CENTER,,,,,4.968,,ON,0x00
38509,ACTIVE,CENTER,,,,,4.964,,ON,0x00
38739,ACTIVE,CENTER,,,,,4.964,,ON,0x00
38954,ACTIVE,CENTER,,,,,4.964,,ON,0x00
39183,ACTIVE,CENTER,,,,,4.964,,ON,0x00
39412,ACTIVE,CENTER,,,,,4.968,,ON,0x00
39642,ACTIVE,CENTER,,,,,4.964,,ON,0x00
39871,ACTIVE,CENTER,,,,,4.964,,ON,0x00
40100,ACTIVE,CENTER,,,,,4.964,,ON,0x00
40329,ACTIVE,CENTER,,,,,4.960,,ON,0x00
40558,ACTIVE,CENTER,,,,,4.964,,ON,0x00
40787,ACTIVE,CENTER,,,,,4.964,,ON,0x00
41016,ACTIVE,CENTER,,,,,4.964,,ON,0x00
41245,ACTIVE,CENTER,,,,,4.964,,ON,0x00
41474,ACTIVE,CENTER,,,,,4.964,,ON,0x00
41703,ACTIVE,CENTER,,,,,4.964,,ON,0x00
41917,ACTIVE,CENTER,,,,,4.960,,ON,0x00
42146,ACTIVE,CENTER,,,,,4.964,,ON,0x00
42375,ACTIVE,CENTER,,,,,4.964,,ON,0x00
42604,ACTIVE,CENTER,,,,,4.964,,ON,0x00
42833,ACTIVE,CENTER,,,,,4.964,,ON,0x00
43062,ACTIVE,CENTER,,,,,4.964,,ON,0x00
43291,ACTIVE,CENTER,,,,,4.968,,ON,0x00
43520,ACTIVE,CENTER,,,,,4.964,,ON,0x00
43750,ACTIVE,CENTER,,,,,4.964,,ON,0x00
43979,ACTIVE,CENTER,,,,,4.964,,ON,0x00
44208,ACTIVE,CENTER,,,,,4.968,,ON,0x00
44437,ACTIVE,CENTER,,,,,4.964,,ON,0x00
44653,ACTIVE,CENTER,,,,,4.964,,ON,0x00
44882,ACTIVE,CENTER,,,,,4.964,,ON,0x00
45111,ACTIVE,CENTER,,,,,4.964,,ON,0x00
45340,ACTIVE,CENTER,,,,,4.964,,ON,0x00
45569,ACTIVE,CENTER,,,,,4.964,,ON,0x00
45798,ACTIVE,CENTER,,,,,4.964,,ON,0x00
46027,ACTIVE,CENTER,,,,,4.960,,ON,0x00
46256,ACTIVE,CENTER,,,,,4.964,,ON,0x00
46485,ACTIVE,CENTER,,,,,4.964,,ON,0x00
46715,ACTIVE,CENTER,,,,,4.964,,ON,0x00
46944,ACTIVE,CENTER,,,,,4.968,,ON,0x00
47173,ACTIVE,CENTER,,,,,4.964,,ON,0x00
47402,ACTIVE,CENTER,,,,,4.968,,ON,0x00
47615,ACTIVE,CENTER,,,,,4.964,,ON,0x00
47844,ACTIVE,CENTER,,,,,4.964,,ON,0x00
48073,ACTIVE,CENTER,,,,,4.964,,ON,0x00
48303,ACTIVE,CENTER,,,,,4.964,,ON,0x00
48532,ACTIVE,CENTER,,,,,4.964,,ON,0x00
48761,ACTIVE,CENTER,,,,,4.964,,ON,0x00
48990,ACTIVE,CENTER,,,,,4.964,,ON,0x00
49219,ACTIVE,CENTER,,,,,4.968,,ON,0x00
49448,ACTIVE,CENTER,,,,,4.964,,ON,0x00
49677,ACTIVE,CENTER,,,,,4.964,,ON,0x00
49906,ACTIVE,CENTER,,,,,4.964,,ON,0x00
50135,ACTIVE,CENTER,,,,,4.964,,ON,0x00
50364,ACTIVE,CENTER,,,,,4.964,,ON,0x00
50580,ACTIVE,CENTER,,,,,4.964,,ON,0x00
50809,ACTIVE,CENTER,,,,,4.964,,ON,0x00
51038,ACTIVE,CENTER,,,,,4.964,,ON,0x00
51267,ACTIVE,CENTER,,,,,4.968,,ON,0x00
51496,ACTIVE,CENTER,,,,,4.960,,ON,0x00
51726,ACTIVE,CENTER,,,,,4.964,,ON,0x00
51955,ACTIVE,CENTER,,,,,4.964,,ON,0x00
52184,ACTIVE,CENTER,,,,,4.960,,ON,0x00
52413,ACTIVE,CENTER,,,,,4.964,,ON,0x00
52642,ACTIVE,CENTER,,,,,4.964,,ON,0x00
52871,ACTIVE,CENTER,,,,,4.964,,ON,0x00
53100,ACTIVE,CENTER,,,,,4.964,,ON,0x00
53329,ACTIVE,CENTER,,,,,4.964,,ON,0x00
53543,ACTIVE,CENTER,,,,,4.964,,ON,0x00
53772,ACTIVE,CENTER,,,,,4.964,,ON,0x00
54001,ACTIVE,CENTER,,,,,4.964,,ON,0x00
54230,ACTIVE,CENTER,,,,,4.964,,ON,0x00
54459,ACTIVE,CENTER,,,,,4.964,,ON,0x00
54688,ACTIVE,CENTER,,,,,4.964,,ON,0x00
54917,ACTIVE,CENTER,,,,,4.964,,ON,0x00
55146,ACTIVE,CENTER,,,,,4.968,,ON,0x00
55375,ACTIVE,CENTER,,,,,4.968,,ON,0x00
55605,ACTIVE,CENTER,,,,,4.964,,ON,0x00
55834,ACTIVE,CENTER,,,,,4.964,,ON,0x00
56063,ACTIVE,CENTER,,,,,4.964,,ON,0x00
56292,ACTIVE,CENTER,,,,,4.964,,ON,0x00
56508,ACTIVE,CENTER,,,,,4.964,,ON,0x00
56737,ACTIVE,CENTER,,,,,4.964,,ON,0x00
56966,ACTIVE,CENTER,,,,,4.968,,ON,0x00
57195,ACTIVE,CENTER,,,,,4.964,,ON,0x00
57424,ACTIVE,CENTER,,,,,4.964,,ON,0x00
57653,ACTIVE,CENTER,,,,,4.960,,ON,0x00
57882,ACTIVE,CENTER,,,,,4.964,,ON,0x00
58111,ACTIVE,CENTER,,,,,4.964,,ON,0x00
58340,ACTIVE,CENTER,,,,,4.964,,ON,0x00
58569,ACTIVE,CENTER,,,,,4.964,,ON,0x00
58799,ACTIVE,CENTER,,,,,4.964,,ON,0x00
59028,ACTIVE,CENTER,,,,,4.964,,ON,0x00
59241,ACTIVE,CENTER,,,,,4.964,,ON,0x00
59470,ACTIVE,CENTER,,,,,4.964,,ON,0x00
59699,ACTIVE,CENTER,,,,,4.968,,ON,0x00
59928,ACTIVE,CENTER,,,,,4.964,,ON,0x00
60157,ACTIVE,CENTER,,,,,4.964,,ON,0x00
60386,ACTIVE,CENTER,,,,,4.964,,ON,0x00
60616,ACTIVE,CENTER,,,,,4.964,,ON,0x00
60845,ACTIVE,CENTER,,,,,4.964,,ON,0x00
61074,ACTIVE,CENTER,,,,,4.964,,ON,0x00
61303,ACTIVE,CENTER,,,,,4.964,,ON,0x00
61532,ACTIVE,CENTER,,,,,4.964,,ON,0x00
61761,ACTIVE,CENTER,,,,,4.964,,ON,0x00
61990,ACTIVE,CENTER,,,,,4.964,,ON,0x00
62206,ACTIVE,CENTER,,,,,4.960,,ON,0x00
62435,ACTIVE,CENTER,,,,,4.964,,ON,0x00
62664,ACTIVE,CENTER,,,,,4.964,,ON,0x00
62893,ACTIVE,CENTER,,,,,4.964,,ON,0x00
63122,ACTIVE,CENTER,,,,,4.964,,ON,0x00
63351,ACTIVE,CENTER,,,,,4.968,,ON,0x00
63580,ACTIVE,CENTER,,,,,4.960,,ON,0x00
63810,ACTIVE,CENTER,,,,,4.964,,ON,0x00
64039,ACTIVE,CENTER,,,,,4.964,,ON,0x00
64268,ACTIVE,CENTER,,,,,4.968,,ON,0x00
64497,ACTIVE,CENTER,,,,,4.964,,ON,0x00
64726,ACTIVE,CENTER,,,,,4.960,,ON,0x00
64955,ACTIVE,CENTER,,,,,4.964,,ON,0x00
65168,ACTIVE,CENTER,,,,,4.964,,ON,0x00
65397,ACTIVE,CENTER,,,,,4.964,,ON,0x00
65626,ACTIVE,CENTER,,,,,4.964,,ON,0x00
65856,ACTIVE,CENTER,,,,,4.968,,ON,0x00
66085,ACTIVE,CENTER,,,,,4.964,,ON,0x00
66314,ACTIVE,CENTER,,,,,4.964,,ON,0x00
66543,ACTIVE,CENTER,,,,,4.964,,ON,0x00
66772,ACTIVE,CENTER,,,,,4.964,,ON,0x00
67001,ACTIVE,CENTER,,,,,4.964,,ON,0x00
67230,ACTIVE,CENTER,,,,,4.964,,ON,0x00
67459,ACTIVE,CENTER,,,,,4.964,,ON,0x00
67688,ACTIVE,CENTER,,,,,4.964,,ON,0x00
67917,ACTIVE,CENTER,,,,,4.964,,ON,0x00
68133,ACTIVE,CENTER,,,,,4.964,,ON,0x00
68362,ACTIVE,CENTER,,,,,4.960,,ON,0x00
68592,ACTIVE,CENTER,,,,,4.964,,ON,0x00
68821,ACTIVE,CENTER,,,,,4.964,,ON,0x00
69050,ACTIVE,CENTER,,,,,4.964,,ON,0x00
69279,ACTIVE,CENTER,,,,,4.964,,ON,0x00
69508,ACTIVE,CENTER,,,,,4.964,,ON,0x00
69737,ACTIVE,CENTER,,,,,4.964,,ON,0x00
69966,ACTIVE,CENTER,,,,,4.964,,ON,0x00
70195,ACTIVE,CENTER,,,,,4.964,,ON,0x00
70424,ACTIVE,CENTER,,,,,4.964,,ON,0x00
70653,ACTIVE,CENTER,,,,,4.964,,ON,0x00
70882,ACTIVE,CENTER,,,,,4.964,,ON,0x00
71096,ACTIVE,CENTER,,,,,4.964,,ON,0x00
71325,ACTIVE,CENTER,,,,,4.964,,ON,0x00
71554,ACTIVE,CENTER,,,,,4.964,,ON,0x00
71783,ACTIVE,CENTER,,,,,4.968,,ON,0x00
72012,ACTIVE,CENTER,,,,,4.968,,ON,0x00
72241,ACTIVE,CENTER,,,,,4.964,,ON,0x00
72470,ACTIVE,CENTER,,,,,4.964,,ON,0x00
72699,ACTIVE,CENTER,,,,,4.968,,ON,0x00
72929,ACTIVE,CENTER,,,,,4.964,,ON,0x00
73158,ACTIVE,CENTER,,,,,4.964,,ON,0x00
73387,ACTIVE,CENTER,,,,,4.964,,ON,0x00
73616,ACTIVE,CENTER,,,,,4.968,,ON,0x00
73832,ACTIVE,CENTER,,,,,4.968,,ON,0x00
74061,ACTIVE,CENTER,,,,,4.964,,ON,0x00
74290,ACTIVE,CENTER,,,,,4.964,,ON,0x00
74519,ACTIVE,CENTER,,,,,4.964,,ON,0x00
74748,ACTIVE,CENTER,,,,,4.964,,ON,0x00
74977,ACTIVE,CENTER,,,,,4.964,,ON,0x00
75206,ACTIVE,CENTER,,,,,4.964,,ON,0x00
75435,ACTIVE,CENTER,,,,,4.964,,ON,0x00
75665,ACTIVE,CENTER,,,,,4.964,,ON,0x00
75894,ACTIVE,CENTER,,,,,4.968,,ON,0x00
76123,ACTIVE,CENTER,,,,,4.960,,ON,0x00
76352,ACTIVE,CENTER,,,,,4.964,,ON,0x00
76581,ACTIVE,CENTER,,,,,4.964,,ON,0x00
76798,ACTIVE,CENTER,,,,,4.968,,ON,0x00
77002,ACTIVE,CENTER,,,,,4.964,,ON,0x00
77231,ACTIVE,CENTER,,,,,4.964,,ON,0x00
77460,ACTIVE,CENTER,,,,,4.964,,ON,0x00
77689,ACTIVE,CENTER,,,,,4.960,,ON,0x00
77918,ACTIVE,CENTER,,,,,4.968,,ON,0x00
78147,ACTIVE,CENTER,,,,,4.964,,ON,0x00
78376,ACTIVE,CENTER,,,,,4.964,,ON,0x00
78605,ACTIVE,CENTER,,,,,4.964,,ON,0x00
78834,ACTIVE,CENTER,,,,,4.964,,ON,0x00
79064,ACTIVE,CENTER,,,,,4.964,,ON,0x00
79293,ACTIVE,CENTER,,,,,4.964,,ON,0x00
79522,ACTIVE,CENTER,,,,,4.964,,ON,0x00
79735,ACTIVE,CENTER,,,,,4.964,,ON,0x00
79964,ACTIVE,CENTER,,,,,4.964,,ON,0x00
80193,ACTIVE,CENTER,,,,,4.964,,ON,0x00
80422,ACTIVE,CENTER,,,,,4.964,,ON,0x00
80651,ACTIVE,CENTER,,,,,4.964,,ON,0x00
80880,ACTIVE,CENTER,,,,,4.964,,ON,0x00
81110,ACTIVE,CENTER,,,,,4.964,,ON,0x00
81339,ACTIVE,CENTER,,,,,4.964,,ON,0x00
81568,ACTIVE,CENTER,,,,,4.964,,ON,0x00
81797,ACTIVE,CENTER,,,,,4.964,,ON,0x00
82026,ACTIVE,CENTER,,,,,4.964,,ON,0x00
82255,ACTIVE,CENTER,,,,,4.964,,ON,0x00
82484,ACTIVE,CENTER,,,,,4.964,,ON,0x00
82700,ACTIVE,CENTER,,,,,4.964,,ON,0x00
82929,ACTIVE,CENTER,,,,,4.964,,ON,0x00
83158,ACTIVE,CENTER,,,,,4.964,,ON,0x00
83387,ACTIVE,CENTER,,,,,4.964,,ON,0x00
83616,ACTIVE,CENTER,,,,,4.964,,ON,0x00
83845,ACTIVE,CENTER,,,,,4.964,,ON,0x00
84074,ACTIVE,CENTER,,,,,4.964,,ON,0x00
84304,ACTIVE,CENTER,,,,,4.964,,ON,0x00
84533,ACTIVE,CENTER,,,,,4.964,,ON,0x00
84762,ACTIVE,CENTER,,,,,4.964,,ON,0x00
84991,ACTIVE,CENTER,,,,,4.960,,ON,0x00
85220,ACTIVE,CENTER,,,,,4.964,,ON,0x00
85449,ACTIVE,CENTER,,,,,4.960,,ON,0x00
85662,ACTIVE,CENTER,,,,,4.964,,ON,0x00
85891,ACTIVE,CENTER,,,,,4.968,,ON,0x00
86121,ACTIVE,CENTER,,,,,4.964,,ON,0x00
86350,ACTIVE,CENTER,,,,,4.964,,ON,0x00
86579,ACTIVE,CENTER,,,,,4.964,,ON,0x00
86808,ACTIVE,CENTER,,,,,4.964,,ON,0x00
87037,ACTIVE,CENTER,,,,,4.964,,ON,0x00
87266,ACTIVE,CENTER,,,,,4.968,,ON,0x00
87495,ACTIVE,CENTER,,,,,4.964,,ON,0x00
87724,ACTIVE,CENTER,,,,,4.964,,ON,0x00
87953,ACTIVE,CENTER,,,,,4.968,,ON,0x00
88182,ACTIVE,CENTER,,,,,4.968,,ON,0x00
88398,ACTIVE,CENTER,,,,,4.964,,ON,0x00
88627,ACTIVE,CENTER,,,,,4.964,,ON,0x00
88856,ACTIVE,CENTER,,,,,4.964,,ON,0x00
89086,ACTIVE,CENTER,,,,,4.964,,ON,0x00
89315,ACTIVE,CENTER,,,,,4.964,,ON,0x00
89544,ACTIVE,CENTER,,,,,4.964,,ON,0x00
89773,ACTIVE,CENTER,,,,,4.964,,ON,0x00
90002,ACTIVE,CENTER,,,,,4.964,,ON,0x00
90231,ACTIVE,CENTER,,,,,4.964,,ON,0x00
90460,ACTIVE,CENTER,,,,,4.964,,ON,0x00
90689,ACTIVE,CENTER,,,,,4.964,,ON,0x00
90918,ACTIVE,CENTER,,,,,4.964,,ON,0x00
91147,ACTIVE,CENTER,,,,,4.964,,ON,0x00
91361,ACTIVE,CENTER,,,,,4.964,,ON,0x00
91590,ACTIVE,CENTER,,,,,4.964,,ON,0x00
91819,ACTIVE,CENTER,,,,,4.964,,ON,0x00
92048,ACTIVE,CENTER,,,,,4.968,,ON,0x00
92277,ACTIVE,CENTER,,,,,4.968,,ON,0x00
92506,ACTIVE,CENTER,,,,,4.968,,ON,0x00
92735,ACTIVE,CENTER,,,,,4.964,,ON,0x00
92964,ACTIVE,CENTER,,,,,4.968,,ON,0x00
93194,ACTIVE,CENTER,,,,,4.964,,ON,0x00
93423,ACTIVE,CENTER,,,,,4.968,,ON,0x00
93652,ACTIVE,CENTER,,,,,4.964,,ON,0x00
93881,ACTIVE,CENTER,,,,,4.964,,ON,0x00
94110,ACTIVE,CENTER,,,,,4.964,,ON,0x00
94326,ACTIVE,CENTER,,,,,4.964,,ON,0x00
94555,ACTIVE,CENTER,,,,,4.964,,ON,0x00
94784,ACTIVE,CENTER,,,,,4.964,,ON,0x00
95013,ACTIVE,CENTER,,,,,4.964,,ON,0x00
95242,ACTIVE,CENTER,,,,,4.964,,ON,0x00
95471,ACTIVE,CENTER,,,,,4.964,,ON,0x00
95700,ACTIVE,CENTER,,,,,4.964,,ON,0x00
95929,ACTIVE,CENTER,,,,,4.964,,ON,0x00
96158,ACTIVE,CENTER,,,,,4.964,,ON,0x00
96387,ACTIVE,CENTER,,,,,4.964,,ON,0x00
96617,ACTIVE,CENTER,,,,,4.968,,ON,0x00
96846,ACTIVE,CENTER,,,,,4.960,,ON,0x00
97075,ACTIVE,CENTER,,,,,4.960,,ON,0x00
97288,ACTIVE,CENTER,,,,,4.964,,ON,0x00
97517,ACTIVE,CENTER,,,,,4.964,,ON,0x00
97746,ACTIVE,CENTER,,,,,4.964,,ON,0x00
97975,ACTIVE,CENTER,,,,,4.964,,ON,0x00
98204,ACTIVE,CENTER,,,,,4.964,,ON,0x00
98434,ACTIVE,CENTER,,,,,4.964,,ON,0x00
98663,ACTIVE,CENTER,,,,,4.964,,ON,0x00
98892,ACTIVE,CENTER,,,,,4.968,,ON,0x00
99121,ACTIVE,CENTER,,,,,4.964,,ON,0x00
99350,ACTIVE,CENTER,,,,,4.968,,ON,0x00
99579,ACTIVE,CENTER,,,,,4.968,,ON,0x00
99808,ACTIVE,CENTER,,,,,4.964,,ON,0x00
100037,ACTIVE,CENTER,,,,,4.964,,ON,0x00
100253,ACTIVE,CENTER,,,,,4.960,,ON,0x00
100483,ACTIVE,CENTER,,,,,4.964,,ON,0x00
100712,ACTIVE,CENTER,,,,,4.964,,ON,0x00
100941,ACTIVE,CENTER,,,,,4.964,,ON,0x00
101171,ACTIVE,CENTER,,,,,4.964,,ON,0x00
101400,ACTIVE,CENTER,,,,,4.964,,ON,0x00
101629,ACTIVE,CENTER,,,,,4.964,,ON,0x00
101859,ACTIVE,CENTER,,,,,4.964,,ON,0x00
102088,ACTIVE,CENTER,,,,,4.964,,ON,0x00
102317,ACTIVE,CENTER,,,,,4.964,,ON,0x00
102547,ACTIVE,CENTER,,,,,4.964,,ON,0x00
102776,ACTIVE,CENTER,,,,,4.964,,ON,0x00
102989,ACTIVE,CENTER,,,,,4.964,,ON,0x00
103219,ACTIVE,CENTER,,,,,4.964,,ON,0x00
103448,ACTIVE,CENTER,,,,,4.964,,ON,0x00
103677,ACTIVE,CENTER,,,,,4.964,,ON,0x00
103906,ACTIVE,CENTER,,,,,4.964,,ON,0x00
104135,ACTIVE,CENTER,,,,,4.964,,ON,0x00
104364,ACTIVE,CENTER,,,,,4.964,,ON,0x00
104593,ACTIVE,CENTER,,,,,4.964,,ON,0x00
104822,ACTIVE,CENTER,,,,,4.964,,ON,0x00
105051,ACTIVE,CENTER,,,,,4.968,,ON,0x00
105281,ACTIVE,CENTER,,,,,4.964,,ON,0x00
105510,ACTIVE,CENTER,,,,,4.964,,ON,0x00
105739,ACTIVE,CENTER,,,,,4.964,,ON,0x00
105955,ACTIVE,CENTER,,,,,4.960,,ON,0x00
106184,ACTIVE,CENTER,,,,,4.964,,ON,0x00
106413,ACTIVE,CENTER,,,,,4.964,,ON,0x00
106642,ACTIVE,CENTER,,,,,4.964,,ON,0x00
106871,ACTIVE,CENTER,,,,,4.960,,ON,0x00
107100,ACTIVE,CENTER,,,,,4.960,,ON,0x00
107329,ACTIVE,CENTER,,,,,4.964,,ON,0x00
107558,ACTIVE,CENTER,,,,,4.964,,ON,0x00
107787,ACTIVE,CENTER,,,,,4.964,,ON,0x00
108017,ACTIVE,CENTER,,,,,4.964,,ON,0x00
108246,ACTIVE,CENTER,,,,,4.964,,ON,0x00
108475,ACTIVE,CENTER,,,,,4.964,,ON,0x00
108688,ACTIVE,CENTER,,,,,4.964,,ON,0x00
108917,ACTIVE,CENTER,,,,,4.968,,ON,0x00
109146,ACTIVE,CENTER,,,,,4.964,,ON,0x00
109375,ACTIVE,CENTER,,,,,4.964,,ON,0x00
109604,ACTIVE,CENTER,,,,,4.968,,ON,0x00
109833,ACTIVE,CENTER,,,,,4.968,,ON,0x00
110063,ACTIVE,CENTER,,,,,4.964,,ON,0x00
110292,ACTIVE,CENTER,,,,,4.964,,ON,0x00
110521,ACTIVE,CENTER,,,,,4.960,,ON,0x00
110750,ACTIVE,CENTER,,,,,4.964,,ON,0x00
110979,ACTIVE,CENTER,,,,,4.964,,ON,0x00
111208,ACTIVE,CENTER,,,,,4.964,,ON,0x00
111437,ACTIVE,CENTER,,,,,4.964,,ON,0x00
111653,ACTIVE,CENTER,,,,,4.964,,ON,0x00
111882,ACTIVE,CENTER,,,,,4.964,,ON,0x00
112111,ACTIVE,CENTER,,,,,4.964,,ON,0x00
112340,ACTIVE,CENTER,,,,,4.964,,ON,0x00
112569,ACTIVE,CENTER,,,,,4.960,,ON,0x00
112798,ACTIVE,CENTER,,,,,4.964,,ON,0x00
113028,ACTIVE,CENTER,,,,,4.960,,ON,0x00
113257,ACTIVE,CENTER,,,,,4.964,,ON,0x00
113486,ACTIVE,CENTER,,,,,4.960,,ON,0x00
113715,ACTIVE,CENTER,,,,,4.964,,ON,0x00
113944,ACTIVE,CENTER,,,,,4.964,,ON,0x00
114173,ACTIVE,CENTER,,,,,4.964,,ON,0x00
114386,ACTIVE,CENTER,,,,,4.964,,ON,0x00
114615,ACTIVE,CENTER,,,,,4.964,,ON,0x00
114845,ACTIVE,CENTER,,,,,4.964,,ON,0x00
115074,ACTIVE,CENTER,,,,,4.964,,ON,0x00
115303,ACTIVE,CENTER,,,,,4.964,,ON,0x00
115532,ACTIVE,CENTER,,,,,4.964,,ON,0x00
115761,ACTIVE,CENTER,,,,,4.964,,ON,0x00
115990,ACTIVE,CENTER,,,,,4.964,,ON,0x00
116219,ACTIVE,CENTER,,,,,4.964,,ON,0x00
116448,ACTIVE,CENTER,,,,,4.968,,ON,0x00
116677,ACTIVE,CENTER,,,,,4.964,,ON,0x00
116907,ACTIVE,CENTER,,,,,4.964,,ON,0x00
117136,ACTIVE,CENTER,,,,,4.964,,ON,0x00
117351,ACTIVE,CENTER,,,,,4.964,,ON,0x00
117581,ACTIVE,CENTER,,,,,4.964,,ON,0x00
117810,ACTIVE,CENTER,,,,,4.964,,ON,0x00
118039,ACTIVE,CENTER,,,,,4.964,,ON,0x00
118268,ACTIVE,CENTER,,,,,4.964,,ON,0x00
118497,ACTIVE,CENTER,,,,,4.964,,ON,0x00
118726,ACTIVE,CENTER,,,,,4.964,,ON,0x00
118955,ACTIVE,CENTER,,,,,4.968,,ON,0x00
119184,ACTIVE,CENTER,,,,,4.964,,ON,0x00
119413,ACTIVE,CENTER,,,,,4.964,,ON,0x00
119642,ACTIVE,CENTER,,,,,4.964,,ON,0x00
119872,ACTIVE,CENTER,,,,,4.964,,ON,0x00
120085,ACTIVE,CENTER,,,,,4.960,,ON,0x00
120314,ACTIVE,CENTER,,,,,4.964,,ON,0x00
120543,ACTIVE,CENTER,,,,,4.960,,ON,0x00
120772,ACTIVE,CENTER,,,,,4.964,,ON,0x00
121001,ACTIVE,CENTER,,,,,4.964,,ON,0x00
121230,ACTIVE,CENTER,,,,,4.964,,ON,0x00
121459,ACTIVE,CENTER,,,,,4.964,,ON,0x00
121689,ACTIVE,CENTER,,,,,4.964,,ON,0x00
121918,ACTIVE,CENTER,,,,,4.964,,ON,0x00
122147,ACTIVE,CENTER,,,,,4.964,,ON,0x00
122376,ACTIVE,CENTER,,,,,4.964,,ON,0x00
122605,ACTIVE,CENTER,,,,,4.964,,ON,0x00
122834,ACTIVE,CENTER,,,,,4.964,,ON,0x00
123050,ACTIVE,CENTER,,,,,4.964,,ON,0x00
123279,ACTIVE,CENTER,,,,,4.964,,ON,0x00
123508,ACTIVE,CENTER,,,,,4.964,,ON,0x00
123737,ACTIVE,CENTER,,,,,4.964,,ON,0x00
123966,ACTIVE,CENTER,,,,,4.964,,ON,0x00
124195,ACTIVE,CENTER,,,,,4.960,,ON,0x00
124425,ACTIVE,CENTER,,,,,4.964,,ON,0x00
124654,ACTIVE,CENTER,,,,,4.964,,ON,0x00
124883,ACTIVE,CENTER,,,,,4.964,,ON,0x00
125112,ACTIVE,CENTER,,,,,4.964,,ON,0x00
125341,ACTIVE,CENTER,,,,,4.964,,ON,0x00
125570,ACTIVE,CENTER,,,,,4.964,,ON,0x00
125783,ACTIVE,CENTER,,,,,4.964,,ON,0x00
126012,ACTIVE,CENTER,,,,,4.964,,ON,0x00
126242,ACTIVE,CENTER,,,,,4.968,,ON,0x00
126471,ACTIVE,CENTER,,,,,4.968,,ON,0x00
126700,ACTIVE,CENTER,,,,,4.964,,ON,0x00
126929,ACTIVE,CENTER,,,,,4.968,,ON,0x00
127158,ACTIVE,CENTER,,,,,4.964,,ON,0x00
127387,ACTIVE,CENTER,,,,,4.964,,ON,0x00
127616,ACTIVE,CENTER,,,,,4.964,,ON,0x00
127845,ACTIVE,CENTER,,,,,4.964,,ON,0x00
128074,ACTIVE,CENTER,,,,,4.968,,ON,0x00
128303,ACTIVE,CENTER,,,,,4.964,,ON,0x00
128533,ACTIVE,CENTER,,,,,4.964,,ON,0x00
128748,ACTIVE,CENTER,,,,,4.964,,ON,0x00
128977,ACTIVE,CENTER,,,,,4.964,,ON,0x00
129207,ACTIVE,CENTER,,,,,4.960,,ON,0x00
129436,ACTIVE,CENTER,,,,,4.964,,ON,0x00
129665,ACTIVE,CENTER,,,,,4.964,,ON,0x00
129894,ACTIVE,CENTER,,,,,4.960,,ON,0x00
130123,ACTIVE,CENTER,,,,,4.960,,ON,0x00
130352,ACTIVE,CENTER,,,,,4.960,,ON,0x00
130581,ACTIVE,CENTER,,,,,4.964,,ON,0x00
130810,ACTIVE,CENTER,,,,,4.964,,ON,0x00
131039,ACTIVE,CENTER,,,,,4.960,,ON,0x00
131268,ACTIVE,CENTER,,,,,4.964,,ON,0x00
131482,ACTIVE,CENTER,,,,,4.964,,ON,0x00
131711,ACTIVE,CENTER,,,,,4.964,,ON,0x00
131940,ACTIVE,CENTER,,,,,4.964,,ON,0x00
132169,ACTIVE,CENTER,,,,,4.964,,ON,0x00
132398,ACTIVE,CENTER,,,,,4.964,,ON,0x00
132627,ACTIVE,CENTER,,,,,4.960,,ON,0x00
132856,ACTIVE,CENTER,,,,,4.968,,ON,0x00
133086,ACTIVE,CENTER,,,,,4.964,,ON,0x00
133315,ACTIVE,CENTER,,,,,4.964,,ON,0x00
133544,ACTIVE,CENTER,,,,,4.964,,ON,0x00
133773,ACTIVE,CENTER,,,,,4.964,,ON,0x00
134002,ACTIVE,CENTER,,,,,4.964,,ON,0x00
134231,ACTIVE,CENTER,,,,,4.968,,ON,0x00
134447,ACTIVE,CENTER,,,,,4.964,,ON,0x00
134676,ACTIVE,CENTER,,,,,4.964,,ON,0x00
134905,ACTIVE,CENTER,,,,,4.964,,ON,0x00
135134,ACTIVE,CENTER,,,,,4.964,,ON,0x00
135363,ACTIVE,CENTER,,,,,4.964,,ON,0x00
135592,ACTIVE,CENTER,,,,,4.964,,ON,0x00
135821,ACTIVE,CENTER,,,,,4.964,,ON,0x00
136050,ACTIVE,CENTER,,,,,4.964,,ON,0x00
136280,ACTIVE,CENTER,,,,,4.964,,ON,0x00
136509,ACTIVE,CENTER,,,,,4.964,,ON,0x00
136738,ACTIVE,CENTER,,,,,4.960,,ON,0x00
136967,ACTIVE,CENTER,,,,,4.964,,ON,0x00
137180,ACTIVE,CENTER,,,,,4.964,,ON,0x00
137409,ACTIVE,CENTER,,,,,4.964,,ON,0x00
137638,ACTIVE,CENTER,,,,,4.964,,ON,0x00
137868,ACTIVE,CENTER,,,,,4.964,,ON,0x00
138097,ACTIVE,CENTER,,,,,4.964,,ON,0x00
138326,ACTIVE,CENTER,,,,,4.964,,ON,0x00
138555,ACTIVE,CENTER,,,,,4.964,,ON,0x00
138784,ACTIVE,CENTER,,,,,4.964,,ON,0x00
139013,ACTIVE,CENTER,,,,,4.968,,ON,0x00
139242,ACTIVE,CENTER,,,,,4.964,,ON,0x00
139471,ACTIVE,CENTER,,,,,4.964,,ON,0x00
139700,ACTIVE,CENTER,,,,,4.968,,ON,0x00
139929,ACTIVE,CENTER,,,,,4.964,,ON,0x00
140159,ACTIVE,CENTER,,,,,4.964,,ON,0x00
140388,ACTIVE,CENTER,,,,,4.964,,ON,0x00
140617,ACTIVE,CENTER,,,,,4.964,,ON,0x00
140846,ACTIVE,CENTER,,,,,4.964,,ON,0x00
141075,ACTIVE,CENTER,,,,,4.964,,ON,0x00
141304,ACTIVE,CENTER,,,,,4.968,,ON,0x00
141533,ACTIVE,CENTER,,,,,4.964,,ON,0x00
141762,ACTIVE,CENTER,,,,,4.964,,ON,0x00
141991,ACTIVE,CENTER,,,,,4.964,,ON,0x00
142220,ACTIVE,CENTER,,,,,4.964,,ON,0x00
142450,ACTIVE,CENTER,,,,,4.964,,ON,0x00
142679,ACTIVE,CENTER,,,,,4.964,,ON,0x00
142894,ACTIVE,CENTER,,,,,4.964,,ON,0x00
143124,ACTIVE,CENTER,,,,,4.968,,ON,0x00
143353,ACTIVE,CENTER,,,,,4.964,,ON,0x00
143582,ACTIVE,CENTER,,,,,4.964,,ON,0x00
143811,ACTIVE,CENTER,,,,,4.964,,ON,0x00
144040,ACTIVE,CENTER,,,,,4.968,,ON,0x00
144269,ACTIVE,CENTER,,,,,4.960,,ON,0x00
144498,ACTIVE,CENTER,,,,,4.964,,ON,0x00
144727,ACTIVE,CENTER,,,,,4.964,,ON,0x00
144956,ACTIVE,CENTER,,,,,4.964,,ON,0x00
145185,ACTIVE,CENTER,,,,,4.964,,ON,0x00
145415,ACTIVE,CENTER,,,,,4.964,,ON,0x00
145628,ACTIVE,CENTER,,,,,4.960,,ON,0x00
145857,ACTIVE,CENTER,,,,,4.964,,ON,0x00
146086,ACTIVE,CENTER,,,,,4.964,,ON,0x00
146315,ACTIVE,CENTER,,,,,4.964,,ON,0x00
146544,ACTIVE,CENTER,,,,,4.964,,ON,0x00
146773,ACTIVE,CENTER,,,,,4.964,,ON,0x00
147003,ACTIVE,CENTER,,,,,4.964,,ON,0x00
147232,ACTIVE,CENTER,,,,,4.968,,ON,0x00
147461,ACTIVE,CENTER,,,,,4.964,,ON,0x00
147690,ACTIVE,CENTER,,,,,4.964,,ON,0x00
147919,ACTIVE,CENTER,,,,,4.964,,ON,0x00
148148,ACTIVE,CENTER,,,,,4.968,,ON,0x00
148377,ACTIVE,CENTER,,,,,4.968,,ON,0x00
148593,ACTIVE,CENTER,,,,,4.964,,ON,0x00
148822,ACTIVE,CENTER,,,,,4.964,,ON,0x00
149051,ACTIVE,CENTER,,,,,4.964,,ON,0x00
149280,ACTIVE,CENTER,,,,,4.964,,ON,0x00
149509,ACTIVE,CENTER,,,,,4.964,,ON,0x00
149738,ACTIVE,CENTER,,,,,4.964,,ON,0x00
149968,ACTIVE,CENTER,,,,,4.964,,ON,0x00
150197,ACTIVE,CENTER,,,,,4.964,,ON,0x00
150426,ACTIVE,CENTER,,,,,4.964,,ON,0x00
150655,ACTIVE,CENTER,,,,,4.960,,ON,0x00
150884,ACTIVE,CENTER,,,,,4.964,,ON,0x00
151113,ACTIVE,CENTER,,,,,4.964,,ON,0x00
151326,ACTIVE,CENTER,,,,,4.964,,ON,0x00
151555,ACTIVE,CENTER,,,,,4.960,,ON,0x00
151785,ACTIVE,CENTER,,,,,4.964,,ON,0x00
152014,ACTIVE,CENTER,,,,,4.964,,ON,0x00
152243,ACTIVE,CENTER,,,,,4.964,,ON,0x00
152472,ACTIVE,CENTER,,,,,4.964,,ON,0x00
152701,ACTIVE,CENTER,,,,,4.964,,ON,0x00
152930,ACTIVE,CENTER,,,,,4.968,,ON,0x00
153159,ACTIVE,CENTER,,,,,4.964,,ON,0x00
153388,ACTIVE,CENTER,,,,,4.964,,ON,0x00
153617,ACTIVE,CENTER,,,,,4.964,,ON,0x00
153846,ACTIVE,CENTER,,,,,4.964,,ON,0x00
154076,ACTIVE,CENTER,,,,,4.964,,ON,0x00
154291,ACTIVE,CENTER,,,,,4.964,,ON,0x00
154520,ACTIVE,CENTER,,,,,4.964,,ON,0x00
154750,ACTIVE,CENTER,,,,,4.964,,ON,0x00
154979,ACTIVE,CENTER,,,,,4.964,,ON,0x00
155208,ACTIVE,CENTER,,,,,4.964,,ON,0x00
155437,ACTIVE,CENTER,,,,,4.964,,ON,0x00
155666,ACTIVE,CENTER,,,,,4.964,,ON,0x00
155895,ACTIVE,CENTER,,,,,4.960,,ON,0x00
156124,ACTIVE,CENTER,,,,,4.964,,ON,0x00
156353,ACTIVE,CENTER,,,,,4.964,,ON,0x00
156582,ACTIVE,CENTER,,,,,4.964,,ON,0x00
156811,ACTIVE,CENTER,,,,,4.964,,ON,0x00
157025,ACTIVE,CENTER,,,,,4.964,,ON,0x00
157254,ACTIVE,CENTER,,,,,4.964,,ON,0x00
157483,ACTIVE,CENTER,,,,,4.964,,ON,0x00
157712,ACTIVE,CENTER,,,,,4.968,,ON,0x00
157941,ACTIVE,CENTER,,,,,4.964,,ON,0x00
158170,ACTIVE,CENTER,,,,,4.964,,ON,0x00
158399,ACTIVE,CENTER,,,,,4.964,,ON,0x00
158628,ACTIVE,CENTER,,,,,4.964,,ON,0x00
158858,ACTIVE,CENTER,,,,,4.964,,ON,0x00
159087,ACTIVE,CENTER,,,,,4.964,,ON,0x00
159316,ACTIVE,CENTER,,,,,4.968,,ON,0x00
159545,ACTIVE,CENTER,,,,,4.964,,ON,0x00
159774,ACTIVE,CENTER,,,,,4.964,,ON,0x00
159990,ACTIVE,CENTER,,,,,4.964,,ON,0x00
160219,ACTIVE,CENTER,,,,,4.964,,ON,0x00
160448,ACTIVE,CENTER,,,,,4.964,,ON,0x00
160677,ACTIVE,CENTER,,,,,4.964,,ON,0x00
160906,ACTIVE,CENTER,,,,,4.964,,ON,0x00
161135,ACTIVE,CENTER,,,,,4.960,,ON,0x00
161364,ACTIVE,CENTER,,,,,4.960,,ON,0x00
161594,ACTIVE,CENTER,,,,,4.964,,ON,0x00
161823,ACTIVE,CENTER,,,,,4.964,,ON,0x00
162052,ACTIVE,CENTER,,,,,4.964,,ON,0x00
162281,ACTIVE,CENTER,,,,,4.960,,ON,0x00
162510,ACTIVE,CENTER,,,,,4.964,,ON,0x00
162723,ACTIVE,CENTER,,,,,4.964,,ON,0x00
162952,ACTIVE,CENTER,,,,,4.964,,ON,0x00
163182,ACTIVE,CENTER,,,,,4.964,,ON,0x00
163411,ACTIVE,CENTER,,,,,4.964,,ON,0x00
163640,ACTIVE,CENTER,,,,,4.968,,ON,0x00
163869,ACTIVE,CENTER,,,,,4.964,,ON,0x00
164098,ACTIVE,CENTER,,,,,4.964,,ON,0x00
164327,ACTIVE,CENTER,,,,,4.964,,ON,0x00
164556,ACTIVE,CENTER,,,,,4.968,,ON,0x00
164785,ACTIVE,CENTER,,,,,4.964,,ON,0x00
165014,ACTIVE,CENTER,,,,,4.964,,ON,0x00
165244,ACTIVE,CENTER,,,,,4.964,,ON,0x00
165473,ACTIVE,CENTER,,,,,4.964,,ON,0x00
165688,ACTIVE,CENTER,,,,,4.964,,ON,0x00
165918,ACTIVE,CENTER,,,,,4.964,,ON,0x00
166147,ACTIVE,CENTER,,,,,4.964,,ON,0x00
166376,ACTIVE,CENTER,,,,,4.964,,ON,0x00
166605,ACTIVE,CENTER,,,,,4.964,,ON,0x00
166834,ACTIVE,CENTER,,,,,4.964,,ON,0x00
167063,ACTIVE,CENTER,,,,,4.964,,ON,0x00
167292,ACTIVE,CENTER,,,,,4.964,,ON,0x00
167521,ACTIVE,CENTER,,,,,4.964,,ON,0x00
167750,ACTIVE,CENTER,,,,,4.960,,ON,0x00
167980,ACTIVE,CENTER,,,,,4.964,,ON,0x00
168209,ACTIVE,CENTER,,,,,4.968,,ON,0x00
168425,ACTIVE,CENTER,,,,,4.964,,ON,0x00
168629,ACTIVE,CENTER,,,,,4.964,,ON,0x00
168858,ACTIVE,CENTER,,,,,4.964,,ON,0x00
169087,ACTIVE,CENTER,,,,,4.964,,ON,0x00
169317,ACTIVE,CENTER,,,,,4.964,,ON,0x00
169546,ACTIVE,CENTER,,,,,4.960,,ON,0x00
169775,ACTIVE,CENTER,,,,,4.964,,ON,0x00
170004,ACTIVE,CENTER,,,,,4.964,,ON,0x00
170233,ACTIVE,CENTER,,,,,4.964,,ON,0x00
170462,ACTIVE,CENTER,,,,,4.964,,ON,0x00
170691,ACTIVE,CENTER,,,,,4.964,,ON,0x00
170920,ACTIVE,CENTER,,,,,4.964,,ON,0x00
171149,ACTIVE,CENTER,,,,,4.964,,ON,0x00
171363,ACTIVE,CENTER,,,,,4.964,,ON,0x00
171592,ACTIVE,CENTER,,,,,4.964,,ON,0x00
171821,ACTIVE,CENTER,,,,,4.964,,ON,0x00
172050,ACTIVE,CENTER,,,,,4.964,,ON,0x00
172279,ACTIVE,CENTER,,,,,4.968,,ON,0x00
172508,ACTIVE,CENTER,,,,,4.968,,ON,0x00
172737,ACTIVE,CENTER,,,,,4.964,,ON,0x00
172966,ACTIVE,CENTER,,,,,4.968,,ON,0x00
173196,ACTIVE,CENTER,,,,,4.968,,ON,0x00
173425,ACTIVE,CENTER,,,,,4.964,,ON,0x00
173654,ACTIVE,CENTER,,,,,4.964,,ON,0x00
173883,ACTIVE,CENTER,,,,,4.964,,ON,0x00
174099,ACTIVE,CENTER,,,,,4.964,,ON,0x00
174328,ACTIVE,CENTER,,,,,4.964,,ON,0x00
174557,ACTIVE,CENTER,,,,,4.964,,ON,0x00
174786,ACTIVE,CENTER,,,,,4.964,,ON,0x00
175015,ACTIVE,CENTER,,,,,4.964,,ON,0x00
175244,ACTIVE,CENTER,,,,,4.964,,ON,0x00
175473,ACTIVE,CENTER,,,,,4.964,,ON,0x00
175702,ACTIVE,CENTER,,,,,4.964,,ON,0x00
175932,ACTIVE,CENTER,,,,,4.964,,ON,0x00
176161,ACTIVE,CENTER,,,,,4.964,,ON,0x00
176390,ACTIVE,CENTER,,,,,4.968,,ON,0x00
176619,ACTIVE,CENTER,,,,,4.960,,ON,0x00
176848,ACTIVE,CENTER,,,,,4.964,,ON,0x00
177061,ACTIVE,CENTER,,,,,4.964,,ON,0x00
177291,ACTIVE,CENTER,,,,,4.968,,ON,0x00
177520,ACTIVE,CENTER,,,,,4.968,,ON,0x00
177749,ACTIVE,CENTER,,,,,4.964,,ON,0x00
177978,ACTIVE,CENTER,,,,,4.968,,ON,0x00
178207,ACTIVE,CENTER,,,,,4.964,,ON,0x00
178436,ACTIVE,CENTER,,,,,4.964,,ON,0x00
178665,ACTIVE,CENTER,,,,,4.968,,ON,0x00
178894,ACTIVE,CENTER,,,,,4.964,,ON,0x00
179123,ACTIVE,CENTER,,,,,4.964,,ON,0x00
179352,ACTIVE,CENTER,,,,,4.968,,ON,0x00
179582,ACTIVE,CENTER,,,,,4.964,,ON,0x00
179797,ACTIVE,CENTER,,,,,4.960,,ON,0x00
180026,ACTIVE,CENTER,,,,,4.964,,ON,0x00
180256,ACTIVE,CENTER,,,,,4.964,,ON,0x00
180485,ACTIVE,CENTER,,,,,4.964,,ON,0x00
180714,ACTIVE,CENTER,,,,,4.964,,ON,0x00
180943,ACTIVE,CENTER,,,,,4.964,,ON,0x00
181172,ACTIVE,CENTER,,,,,4.964,,ON,0x00
181401,ACTIVE,CENTER,,,,,4.964,,ON,0x00
181630,ACTIVE,CENTER,,,,,4.960,,ON,0x00
181859,ACTIVE,CENTER,,,,,4.964,,ON,0x00
182088,ACTIVE,CENTER,,,,,4.964,,ON,0x00
182317,ACTIVE,CENTER,,,,,4.964,,ON,0x00
182547,ACTIVE,CENTER,,,,,4.964,,ON,0x00
182760,ACTIVE,CENTER,,,,,4.964,,ON,0x00
182989,ACTIVE,CENTER,,,,,4.964,,ON,0x00
183218,ACTIVE,CENTER,,,,,4.968,,ON,0x00
183447,ACTIVE,CENTER,,,,,4.964,,ON,0x00
183676,ACTIVE,CENTER,,,,,4.964,,ON,0x00
183905,ACTIVE,CENTER,,,,,4.964,,ON,0x00
184135,ACTIVE,CENTER,,,,,4.968,,ON,0x00
184364,ACTIVE,CENTER,,,,,4.964,,ON,0x00
184593,ACTIVE,CENTER,,,,,4.964,,ON,0x00
184822,ACTIVE,CENTER,,,,,4.960,,ON,0x00
185051,ACTIVE,CENTER,,,,,4.968,,ON,0x00
185280,ACTIVE,CENTER,,,,,4.964,,ON,0x00
185496,ACTIVE,CENTER,,,,,4.964,,ON,0x00
185725,ACTIVE,CENTER,,,,,4.968,,ON,0x00
185954,ACTIVE,CENTER,,,,,4.964,,ON,0x00
186183,ACTIVE,CENTER,,,,,4.964,,ON,0x00
186412,ACTIVE,CENTER,,,,,4.964,,ON,0x00
186641,ACTIVE,CENTER,,,,,4.964,,ON,0x00
186870,ACTIVE,CENTER,,,,,4.964,,ON,0x00
187099,ACTIVE,CENTER,,,,,4.964,,ON,0x00
187328,ACTIVE,CENTER,,,,,4.964,,ON,0x00
187558,ACTIVE,CENTER,,,,,4.964,,ON,0x00
187787,ACTIVE,CENTER,,,,,4.964,,ON,0x00
188016,ACTIVE,CENTER,,,,,4.964,,ON,0x00
188245,ACTIVE,CENTER,,,,,4.964,,ON,0x00
188458,ACTIVE,CENTER,,,,,4.960,,ON,0x00
188687,ACTIVE,CENTER,,,,,4.964,,ON,0x00
188916,ACTIVE,CENTER,,,,,4.964,,ON,0x00
189146,ACTIVE,CENTER,,,,,4.964,,ON,0x00
189375,ACTIVE,CENTER,,,,,4.968,,ON,0x00
189604,ACTIVE,CENTER,,,,,4.968,,ON,0x00
189833,ACTIVE,CENTER,,,,,4.964,,ON,0x00
190062,ACTIVE,CENTER,,,,,4.964,,ON,0x00
190291,ACTIVE,CENTER,,,,,4.968,,ON,0x00
190520,ACTIVE,CENTER,,,,,4.968,,ON,0x00
190749,ACTIVE,CENTER,,,,,4.964,,ON,0x00
190978,ACTIVE,CENTER,,,,,4.964,,ON,0x00
191194,ACTIVE,CENTER,,,,,4.964,,ON,0x00
191424,ACTIVE,CENTER,,,,,4.964,,ON,0x00
191653,ACTIVE,CENTER,,,,,4.964,,ON,0x00
191882,ACTIVE,CENTER,,,,,4.964,,ON,0x00
192112,ACTIVE,CENTER,,,,,4.964,,ON,0x00
192341,ACTIVE,CENTER,,,,,4.964,,ON,0x00
192570,ACTIVE,CENTER,,,,,4.964,,ON,0x00
192800,ACTIVE,CENTER,,,,,4.964,,ON,0x00
193029,ACTIVE,CENTER,,,,,4.960,,ON,0x00
193258,ACTIVE,CENTER,,,,,4.964,,ON,0x00
193488,ACTIVE,CENTER,,,,,4.964,,ON,0x00
193717,ACTIVE,CENTER,,,,,4.960,,ON,0x00
193946,ACTIVE,CENTER,,,,,4.964,,ON,0x00
194160,ACTIVE,CENTER,,,,,4.964,,ON,0x00
194389,ACTIVE,CENTER,,,,,4.964,,ON,0x00
194618,ACTIVE,CENTER,,,,,4.964,,ON,0x00
194847,ACTIVE,CENTER,,,,,4.964,,ON,0x00
195076,ACTIVE,CENTER,,,,,4.964,,ON,0x00
195305,ACTIVE,CENTER,,,,,4.964,,ON,0x00
195534,ACTIVE,CENTER,,,,,4.968,,ON,0x00
195763,ACTIVE,CENTER,,,,,4.964,,ON,0x00
195993,ACTIVE,CENTER,,,,,4.972,,ON,0x00
196222,ACTIVE,CENTER,,,,,4.964,,ON,0x00
196451,ACTIVE,CENTER,,,,,4.964,,ON,0x00
196680,ACTIVE,CENTER,,,,,4.964,,ON,0x00
196896,ACTIVE,CENTER,,,,,4.964,,ON,0x00
197125,ACTIVE,CENTER,,,,,4.964,,ON,0x00
197354,ACTIVE,CENTER,,,,,4.964,,ON,0x00
197583,ACTIVE,CENTER,,,,,4.968,,ON,0x00
197812,ACTIVE,CENTER,,,,,4.960,,ON,0x00
198041,ACTIVE,CENTER,,,,,4.964,,ON,0x00
198270,ACTIVE,CENTER,,,,,4.964,,ON,0x00
198499,ACTIVE,CENTER,,,,,4.964,,ON,0x00
198728,ACTIVE,CENTER,,,,,4.964,,ON,0x00
198958,ACTIVE,CENTER,,,,,4.964,,ON,0x00
199187,ACTIVE,CENTER,,,,,4.964,,ON,0x00
199416,ACTIVE,CENTER,,,,,4.964,,ON,0x00
199645,ACTIVE,CENTER,,,,,4.964,,ON,0x00
199858,ACTIVE,CENTER,,,,,4.964,,ON,0x00
200087,ACTIVE,CENTER,,,,,4.964,,ON,0x00
200316,ACTIVE,CENTER,,,,,4.964,,ON,0x00
200545,ACTIVE,CENTER,,,,,4.964,,ON,0x00
200774,ACTIVE,CENTER,,,,,4.964,,ON,0x00
201004,ACTIVE,CENTER,,,,,4.964,,ON,0x00
201233,ACTIVE,CENTER,,,,,4.968,,ON,0x00
201462,ACTIVE,CENTER,,,,,4.964,,ON,0x00
201691,ACTIVE,CENTER,,,,,4.964,,ON,0x00
201920,ACTIVE,CENTER,,,,,4.964,,ON,0x00
202149,ACTIVE,CENTER,,,,,4.964,,ON,0x00
202378,ACTIVE,CENTER,,,,,4.964,,ON,0x00
202594,ACTIVE,CENTER,,,,,4.960,,ON,0x00
202823,ACTIVE,CENTER,,,,,4.964,,ON,0x00
203052,ACTIVE,CENTER,,,,,4.964,,ON,0x00
203281,ACTIVE,CENTER,,,,,4.964,,ON,0x00
203510,ACTIVE,CENTER,,,,,4.960,,ON,0x00
203740,ACTIVE,CENTER,,,,,4.964,,ON,0x00
203969,ACTIVE,CENTER,,,,,4.964,,ON,0x00
204198,ACTIVE,CENTER,,,,,4.960,,ON,0x00
204427,ACTIVE,CENTER,,,,,4.964,,ON,0x00
204656,ACTIVE,CENTER,,,,,4.964,,ON,0x00
204885,ACTIVE,CENTER,,,,,4.964,,ON,0x00
205114,ACTIVE,CENTER,,,,,4.964,,ON,0x00
205343,ACTIVE,CENTER,,,,,4.964,,ON,0x00
205557,ACTIVE,CENTER,,,,,4.964,,ON,0x00
205786,ACTIVE,CENTER,,,,,4.964,,ON,0x00
206015,ACTIVE,CENTER,,,,,4.968,,ON,0x00
206244,ACTIVE,CENTER,,,,,4.964,,ON,0x00
206473,ACTIVE,CENTER,,,,,4.964,,ON,0x00
206702,ACTIVE,CENTER,,,,,4.964,,ON,0x00
206931,ACTIVE,CENTER,,,,,4.964,,ON,0x00
207160,ACTIVE,CENTER,,,,,4.964,,ON,0x00
207389,ACTIVE,CENTER,,,,,4.968,,ON,0x00
207619,ACTIVE,CENTER,,,,,4.964,,ON,0x00
207848,ACTIVE,CENTER,,,,,4.964,,ON,0x00
208077,ACTIVE,CENTER,,,,,4.964,,ON,0x00
208293,ACTIVE,CENTER,,,,,4.964,,ON,0x00
208522,ACTIVE,CENTER,,,,,4.964,,ON,0x00
208751,ACTIVE,CENTER,,,,,4.964,,ON,0x00
208980,ACTIVE,CENTER,,,,,4.960,,ON,0x00
209209,ACTIVE,CENTER,,,,,4.964,,ON,0x00
209438,ACTIVE,CENTER,,,,,4.964,,ON,0x00
209667,ACTIVE,CENTER,,,,,4.960,,ON,0x00
209896,ACTIVE,CENTER,,,,,4.964,,ON,0x00
210125,ACTIVE,CENTER,,,,,4.964,,ON,0x00
210354,ACTIVE,CENTER,,,,,4.964,,ON,0x00
210584,ACTIVE,CENTER,,,,,4.964,,ON,0x00
210813,ACTIVE,CENTER,,,,,4.964,,ON,0x00
211042,ACTIVE,CENTER,,,,,4.964,,ON,0x00
211255,ACTIVE,CENTER,,,,,4.964,,ON,0x00
211484,ACTIVE,CENTER,,,,,4.964,,ON,0x00
211713,ACTIVE,CENTER,,,,,4.964,,ON,0x00
211942,ACTIVE,CENTER,,,,,4.964,,ON,0x00
212172,ACTIVE,CENTER,,,,,4.964,,ON,0x00
212401,ACTIVE,CENTER,,,,,4.964,,ON,0x00
212630,ACTIVE,CENTER,,,,,4.968,,ON,0x00
212859,ACTIVE,CENTER,,,,,4.964,,ON,0x00
213088,ACTIVE,CENTER,,,,,4.964,,ON,0x00
213317,ACTIVE,CENTER,,,,,4.964,,ON,0x00
213546,ACTIVE,CENTER,,,,,4.964,,ON,0x00
213775,ACTIVE,CENTER,,,,,4.964,,ON,0x00
213991,ACTIVE,CENTER,,,,,4.964,,ON,0x00
214220,ACTIVE,CENTER,,,,,4.964,,ON,0x00
214449,ACTIVE,CENTER,,,,,4.964,,ON,0x00
214678,ACTIVE,CENTER,,,,,4.964,,ON,0x00
214907,ACTIVE,CENTER,,,,,4.964,,ON,0x00
215137,ACTIVE,CENTER,,,,,4.964,,ON,0x00
215366,ACTIVE,CENTER,,,,,4.960,,ON,0x00
215595,ACTIVE,CENTER,,,,,4.964,,ON,0x00
215824,ACTIVE,CENTER,,,,,4.964,,ON,0x00
216053,ACTIVE,CENTER,,,,,4.964,,ON,0x00
216282,ACTIVE,CENTER,,,,,4.964,,ON,0x00
216511,ACTIVE,CENTER,,,,,4.964,,ON,0x00
928,ACTIVE,CENTER,,,,,0.000,,ON,0x00
1150,ACTIVE,CENTER,,,,,4.960,,ON,0x00
1379,ACTIVE,CENTER,,,,,4.960,,ON,0x00
1608,ACTIVE,CENTER,,,,,4.960,,ON,0x00
1837,ACTIVE,CENTER,,,,,4.960,,ON,0x00
2066,ACTIVE,CENTER,,,,,4.960,,ON,0x00
2295,ACTIVE,CENTER,,,,,4.960,,ON,0x00
2524,ACTIVE,CENTER,,,,,4.960,,ON,0x00
2753,ACTIVE,CENTER,,,,,4.956,,ON,0x00
2983,ACTIVE,CENTER,,,,,4.960,,ON,0x00
3212,ACTIVE,CENTER,,,,,4.960,,ON,0x00
3441,ACTIVE,CENTER,,,,,4.960,,ON,0x00
3670,ACTIVE,CENTER,,,,,4.960,,ON,0x00
3899,ACTIVE,CENTER,,,,,4.960,,ON,0x00
4112,ACTIVE,CENTER,,,,,4.960,,ON,0x00
4341,ACTIVE,CENTER,,,,,4.960,,ON,0x00
4570,ACTIVE,CENTER,,,,,4.960,,ON,0x00
4800,ACTIVE,CENTER,,,,,4.964,,ON,0x00
5029,ACTIVE,CENTER,,,,,4.960,,ON,0x00
5258,ACTIVE,CENTER,,,,,4.960,,ON,0x00
5487,ACTIVE,CENTER,,,,,4.960,,ON,0x00
5716,ACTIVE,CENTER,,,,,4.960,,ON,0x00
5945,ACTIVE,CENTER,,,,,4.960,,ON,0x00
6174,ACTIVE,CENTER,,,,,4.960,,ON,0x00
6403,ACTIVE,CENTER,,,,,4.960,,ON,0x00
6632,ACTIVE,CENTER,,,,,4.960,,ON,0x00
6861,ACTIVE,CENTER,,,,,4.960,,ON,0x00
7077,ACTIVE,CENTER,,,,,4.960,,ON,0x00
7306,ACTIVE,CENTER,,,,,4.960,,ON,0x00
7535,ACTIVE,CENTER,,,,,4.960,,ON,0x00
7765,ACTIVE,CENTER,,,,,4.960,,ON,0x00
7994,ACTIVE,CENTER,,,,,4.960,,ON,0x00
8223,ACTIVE,CENTER,,,,,4.960,,ON,0x00
8452,ACTIVE,CENTER,,,,,4.960,,ON,0x00
8681,ACTIVE,CENTER,,,,,4.960,,ON,0x00
8910,ACTIVE,CENTER,,,,,4.960,,ON,0x00
9139,ACTIVE,CENTER,,,,,4.960,,ON,0x00
9368,ACTIVE,CENTER,,,,,4.960,,ON,0x00
9597,ACTIVE,CENTER,,,,,4.960,,ON,0x00
9826,ACTIVE,CENTER,,,,,4.960,,ON,0x00
10040,ACTIVE,CENTER,,,,,4.960,,ON,0x00
10269,ACTIVE,CENTER,,,,,4.960,,ON,0x00
10498,ACTIVE,CENTER,,,,,4.960,,ON,0x00
10727,ACTIVE,CENTER,,,,,4.960,,ON,0x00
10956,ACTIVE,CENTER,,,,,4.960,,ON,0x00
11185,ACTIVE,CENTER,,,,,4.964,,ON,0x00
11414,ACTIVE,CENTER,,,,,4.960,,ON,0x00
11643,ACTIVE,CENTER,,,,,4.960,,ON,0x00
11872,ACTIVE,CENTER,,,,,4.960,,ON,0x00
12102,ACTIVE,CENTER,,,,,4.960,,ON,0x00
12331,ACTIVE,CENTER,,,,,4.960,,ON,0x00
12560,ACTIVE,CENTER,,,,,4.960,,ON,0x00
12789,ACTIVE,CENTER,,,,,4.960,,ON,0x00
13005,ACTIVE,CENTER,,,,,4.960,,ON,0x00
13234,ACTIVE,CENTER,,,,,4.960,,ON,0x00
13463,ACTIVE,CENTER,,,,,4.960,,ON,0x00
13692,ACTIVE,CENTER,,,,,4.960,,ON,0x00
13921,ACTIVE,CENTER,,,,,4.964,,ON,0x00
14150,ACTIVE,CENTER,,,,,4.960,,ON,0x00
14379,ACTIVE,CENTER,,,,,4.960,,ON,0x00
14608,ACTIVE,CENTER,,,,,4.960,,ON,0x00
14837,ACTIVE,CENTER,,,,,4.964,,ON,0x00
15066,ACTIVE,CENTER,,,,,4.960,,ON,0x00
15296,ACTIVE,CENTER,,,,,4.960,,ON,0x00
15525,ACTIVE,CENTER,,,,,4.960,,ON,0x00
15754,ACTIVE,CENTER,,,,,4.960,,ON,0x00
15967,ACTIVE,CENTER,,,,,4.960,,ON,0x00
16196,ACTIVE,CENTER,,,,,4.960,,ON,0x00
16425,ACTIVE,CENTER,,,,,4.960,,ON,0x00
16654,ACTIVE,CENTER,,,,,4.960,,ON,0x00
16883,ACTIVE,CENTER,,,,,4.964,,ON,0x00
17113,ACTIVE,CENTER,,,,,4.964,,ON,0x00
17342,ACTIVE,CENTER,,,,,4.960,,ON,0x00
17571,ACTIVE,CENTER,,,,,4.960,,ON,0x00
17800,ACTIVE,CENTER,,,,,4.964,,ON,0x00
18029,ACTIVE,CENTER,,,,,4.964,,ON,0x00
18258,ACTIVE,CENTER,,,,,4.960,,ON,0x00
18487,ACTIVE,CENTER,,,,,4.960,,ON,0x00
18716,ACTIVE,CENTER,,,,,4.960,,ON,0x00
18945,ACTIVE,CENTER,,,,,4.964,,ON,0x00
19175,ACTIVE,CENTER,,,,,4.964,,ON,0x00
19404,ACTIVE,CENTER,,,,,4.960,,ON,0x00
19633,ACTIVE,CENTER,,,,,4.960,,ON,0x00
19862,ACTIVE,CENTER,,,,,4.964,,ON,0x00
20091,ACTIVE,CENTER,,,,,4.964,,ON,0x00
20320,ACTIVE,CENTER,,,,,4.960,,ON,0x00
20549,ACTIVE,CENTER,,,,,4.960,,ON,0x00
20778,ACTIVE,CENTER,,,,,4.960,,ON,0x00
21007,ACTIVE,CENTER,,,,,4.964,,ON,0x00
21236,ACTIVE,CENTER,,,,,4.964,,ON,0x00
21466,ACTIVE,CENTER,,,,,4.960,,ON,0x00
21681,ACTIVE,CENTER,,,,,4.960,,ON,0x00
21910,ACTIVE,CENTER,,,,,4.960,,ON,0x00
22139,ACTIVE,CENTER,,,,,4.960,,ON,0x00
22369,ACTIVE,CENTER,,,,,4.960,,ON,0x00
22598,ACTIVE,CENTER,,,,,4.960,,ON,0x00
22827,ACTIVE,CENTER,,,,,4.960,,ON,0x00
23056,ACTIVE,CENTER,,,,,4.956,,ON,0x00
23285,ACTIVE,CENTER,,,,,4.960,,ON,0x00
23514,ACTIVE,CENTER,,,,,4.960,,ON,0x00
23743,ACTIVE,CENTER,,,,,4.960,,ON,0x00
23972,ACTIVE,CENTER,,,,,4.960,,ON,0x00
24201,ACTIVE,CENTER,,,,,4.960,,ON,0x00
24430,ACTIVE,CENTER,,,,,4.960,,ON,0x00
24644,ACTIVE,CENTER,,,,,4.960,,ON,0x00
24873,ACTIVE,CENTER,,,,,4.960,,ON,0x00
25102,ACTIVE,CENTER,,,,,4.964,,ON,0x00
25331,ACTIVE,CENTER,,,,,4.964,,ON,0x00
25560,ACTIVE,CENTER,,,,,4.964,,ON,0x00
25789,ACTIVE,CENTER,,,,,4.960,,ON,0x00
26018,ACTIVE,CENTER,,,,,4.964,,ON,0x00
26247,ACTIVE,CENTER,,,,,4.960,,ON,0x00
26476,ACTIVE,CENTER,,,,,4.960,,ON,0x00
26706,ACTIVE,CENTER,,,,,4.964,,ON,0x00
26935,ACTIVE,CENTER,,,,,4.964,,ON,0x00
27164,ACTIVE,CENTER,,,,,4.960,,ON,0x00
27393,ACTIVE,CENTER,,,,,4.964,,ON,0x00
27609,ACTIVE,CENTER,,,,,4.964,,ON,0x00
27838,ACTIVE,CENTER,,,,,4.964,,ON,0x00
28067,ACTIVE,CENTER,,,,,4.960,,ON,0x00
28296,ACTIVE,CENTER,,,,,4.960,,ON,0x00
28525,ACTIVE,CENTER,,,,,4.960,,ON,0x00
28754,ACTIVE,CENTER,,,,,4.960,,ON,0x00
28983,ACTIVE,CENTER,,,,,4.960,,ON,0x00
29212,ACTIVE,CENTER,,,,,4.964,,ON,0x00
29441,ACTIVE,CENTER,,,,,4.960,,ON,0x00
29670,ACTIVE,CENTER,,,,,4.960,,ON,0x00
29900,ACTIVE,CENTER,,,,,4.960,,ON,0x00
30129,ACTIVE,CENTER,,,,,4.960,,ON,0x00
30358,ACTIVE,CENTER,,,,,4.960,,ON,0x00
30571,ACTIVE,CENTER,,,,,4.960,,ON,0x00
30800,ACTIVE,CENTER,,,,,4.964,,ON,0x00
31029,ACTIVE,CENTER,,,,,4.960,,ON,0x00
31258,ACTIVE,CENTER,,,,,4.960,,ON,0x00
31488,ACTIVE,CENTER,,,,,4.964,,ON,0x00
31717,ACTIVE,CENTER,,,,,4.964,,ON,0x00
31946,ACTIVE,CENTER,,,,,4.964,,ON,0x00
32175,ACTIVE,CENTER,,,,,4.960,,ON,0x00
32404,ACTIVE,CENTER,,,,,4.964,,ON,0x00
32633,ACTIVE,CENTER,,,,,4.964,,ON,0x00
32862,ACTIVE,CENTER,,,,,4.960,,ON,0x00
33091,ACTIVE,CENTER,,,,,4.960,,ON,0x00
33320,ACTIVE,CENTER,,,,,4.960,,ON,0x00
33549,ACTIVE,CENTER,,,,,4.960,,ON,0x00
33778,ACTIVE,CENTER,,,,,4.964,,ON,0x00
34008,ACTIVE,CENTER,,,,,4.964,,ON,0x00
34237,ACTIVE,CENTER,,,,,4.960,,ON,0x00
34466,ACTIVE,CENTER,,,,,4.964,,ON,0x00
34695,ACTIVE,CENTER,,,,,4.964,,ON,0x00
34924,ACTIVE,CENTER,,,,,4.964,,ON,0x00
35153,ACTIVE,CENTER,,,,,4.964,,ON,0x00
35382,ACTIVE,CENTER,,,,,4.964,,ON,0x00
35611,ACTIVE,CENTER,,,,,4.964,,ON,0x00
35840,ACTIVE,CENTER,,,,,4.964,,ON,0x00
36069,ACTIVE,CENTER,,,,,4.964,,ON,0x00
36285,ACTIVE,CENTER,,,,,4.964,,ON,0x00
36514,ACTIVE,CENTER,,,,,4.964,,ON,0x00
36743,ACTIVE,CENTER,,,,,4.964,,ON,0x00
36973,ACTIVE,CENTER,,,,,4.964,,ON,0x00
37202,ACTIVE,CENTER,,,,,4.960,,ON,0x00
37431,ACTIVE,CENTER,,,,,4.964,,ON,0x00
37660,ACTIVE,CENTER,,,,,4.964,,ON,0x00
37889,ACTIVE,CENTER,,,,,4.964,,ON,0x00
38118,ACTIVE,CENTER,,,,,4.960,,ON,0x00
38347,ACTIVE,CENTER,,,,,4.964,,ON,0x00
38576,ACTIVE,CENTER,,,,,4.960,,ON,0x00
38777,ACTIVE,DOWN,,,,,4.960,,ON,0x00
38979,ACTIVE,DOWN,,,,,4.964,,ON,0x00
39188,ACTIVE,DOWN,,,,,4.960,,ON,0x00
39410,ACTIVE,CENTER,,,,,4.960,,ON,0x00
39639,ACTIVE,CENTER,,,,,4.960,,ON,0x00
39868,ACTIVE,CENTER,,,,,4.960,,ON,0x00
40070,ACTIVE,LEFT,,,,,4.964,,ON,0x00
40278,ACTIVE,LEFT,,,,,4.964,,ON,0x00
40494,ACTIVE,LEFT,,,,,4.960,,ON,0x00
40696,ACTIVE,CENTER,,,,,4.960,,ON,0x00
40925,ACTIVE,CENTER,,,,,4.960,,ON,0x00
41154,ACTIVE,CENTER,,,,,4.960,,ON,0x00
41359,ACTIVE,RIGHT,,,,,4.964,,ON,0x00
41585,ACTIVE,RIGHT,,,,,4.964,,ON,0x00
41787,ACTIVE,CENTER,,,,,4.960,,ON,0x00
42001,ACTIVE,CENTER,,,,,4.960,,ON,0x00
42230,ACTIVE,CENTER,,,,,4.964,,ON,0x00
42432,ACTIVE,UP,,,,,4.964,,ON,0x00
42661,ACTIVE,UP,,,,,4.960,,ON,0x00
42863,ACTIVE,CENTER,,,,,4.960,,ON,0x00
43092,ACTIVE,CENTER,,,,,4.964,,ON,0x00
43321,ACTIVE,CENTER,,,,,4.960,,ON,0x00
43550,ACTIVE,CENTER,,,,,4.964,,ON,0x00
43780,ACTIVE,CENTER,,,,,4.960,,ON,0x00
44009,ACTIVE,CENTER,,,,,4.960,,ON,0x00
44238,ACTIVE,CENTER,,,,,4.964,,ON,0x00
44467,ACTIVE,CENTER,,,,,4.964,,ON,0x00
44696,ACTIVE,CENTER,,,,,4.964,,ON,0x00
44912,ACTIVE,CENTER,,,,,4.960,,ON,0x00
45116,ACTIVE,CENTER,,,,,4.960,,ON,0x00
45346,ACTIVE,CENTER,,,,,4.964,,ON,0x00
45575,ACTIVE,CENTER,,,,,4.960,,ON,0x00
45804,ACTIVE,CENTER,,,,,4.964,,ON,0x00
46033,ACTIVE,CENTER,,,,,4.960,,ON,0x00
46262,ACTIVE,CENTER,,,,,4.960,,ON,0x00
46491,ACTIVE,CENTER,,,,,4.960,,ON,0x00
46720,ACTIVE,CENTER,,,,,4.964,,ON,0x00
46949,ACTIVE,CENTER,,,,,4.960,,ON,0x00
47178,ACTIVE,CENTER,,,,,4.960,,ON,0x00
47407,ACTIVE,CENTER,,,,,4.964,,ON,0x00
47636,ACTIVE,CENTER,,,,,4.960,,ON,0x00
47850,ACTIVE,CENTER,,,,,4.964,,ON,0x00
48079,ACTIVE,CENTER,,,,,4.964,,ON,0x00
48308,ACTIVE,CENTER,,,,,4.964,,ON,0x00
48537,ACTIVE,CENTER,,,,,4.964,,ON,0x00
48766,ACTIVE,CENTER,,,,,4.960,,ON,0x00
48995,ACTIVE,CENTER,,,,,4.964,,ON,0x00
49224,ACTIVE,CENTER,,,,,4.964,,ON,0x00
49453,ACTIVE,CENTER,,,,,4.964,,ON,0x00
49682,ACTIVE,CENTER,,,,,4.960,,ON,0x00
49912,ACTIVE,CENTER,,,,,4.964,,ON,0x00
50141,ACTIVE,CENTER,,,,,4.964,,ON,0x00
50370,ACTIVE,CENTER,,,,,4.964,,ON,0x00
50599,ACTIVE,CENTER,,,,,4.960,,ON,0x00
50815,ACTIVE,CENTER,,,,,4.960,,ON,0x00
51044,ACTIVE,CENTER,,,,,4.964,,ON,0x00
51273,ACTIVE,CENTER,,,,,4.960,,ON,0x00
51502,ACTIVE,CENTER,,,,,4.964,,ON,0x00
51731,ACTIVE,CENTER,,,,,4.960,,ON,0x00
51960,ACTIVE,CENTER,,,,,4.960,,ON,0x00
52189,ACTIVE,CENTER,,,,,4.964,,ON,0x00
52418,ACTIVE,CENTER,,,,,4.960,,ON,0x00
52647,ACTIVE,CENTER,,,,,4.960,,ON,0x00
52877,ACTIVE,CENTER,,,,,4.960,,ON,0x00
53106,ACTIVE,CENTER,,,,,4.964,,ON,0x00
53335,ACTIVE,CENTER,,,,,4.960,,ON,0x00
53564,ACTIVE,CENTER,,,,,4.964,,ON,0x00
53777,ACTIVE,CENTER,,,,,4.960,,ON,0x00
54006,ACTIVE,CENTER,,,,,4.964,,ON,0x00
54236,ACTIVE,CENTER,,,,,4.964,,ON,0x00
54465,ACTIVE,CENTER,,,,,4.960,,ON,0x00
54694,ACTIVE,CENTER,,,,,4.964,,ON,0x00
54923,ACTIVE,CENTER,,,,,4.964,,ON,0x00
55152,ACTIVE,CENTER,,,,,4.964,,ON,0x00
55381,ACTIVE,CENTER,,,,,4.964,,ON,0x00
55610,ACTIVE,CENTER,,,,,4.960,,ON,0x00
55839,ACTIVE,CENTER,,,,,4.964,,ON,0x00
56068,ACTIVE,CENTER,,,,,4.964,,ON,0x00
56297,ACTIVE,CENTER,,,,,4.960,,ON,0x00
56513,ACTIVE,CENTER,,,,,4.960,,ON,0x00
56742,ACTIVE,CENTER,,,,,4.964,,ON,0x00
56971,ACTIVE,CENTER,,,,,4.964,,ON,0x00
57200,ACTIVE,CENTER,,,,,4.960,,ON,0x00
57430,ACTIVE,CENTER,,,,,4.964,,ON,0x00
57659,ACTIVE,CENTER,,,,,4.960,,ON,0x00
57888,ACTIVE,CENTER,,,,,4.960,,ON,0x00
